Carrera,Seniority,p50,Confianza
Licenciatura en Sociología,Junior,,Alta
Licenciatura en Sociología,Semi-Senior,3091000.0,Alta
Licenciatura en Sociología,Senior,,Alta
Tecnicatura superior en redes,Junior,,Alta
Tecnicatura superior en redes,Semi-Senior,,Alta
Tecnicatura superior en redes,Senior,,Alta
Licenciatura en Geografía,Junior,,Alta
Licenciatura en Geografía,Semi-Senior,,Alta
Licenciatura en Geografía,Senior,,Alta
Licenciatura en Relaciones Internacionales,Junior,,Alta
Licenciatura en Relaciones Internacionales,Semi-Senior,,Alta
Licenciatura en Relaciones Internacionales,Senior,,Alta
Ingeniería Textil,Junior,,Alta
Ingeniería Textil,Semi-Senior,,Alta
Ingeniería Textil,Senior,,Alta
Desarrollo de Software,Junior,,Alta
Desarrollo de Software,Semi-Senior,,Alta
Desarrollo de Software,Senior,,Alta
Ingeniería en Telecomunicaciones,Junior,,Alta
Ingeniería en Telecomunicaciones,Semi-Senior,,Alta
Ingeniería en Telecomunicaciones,Senior,3750000.0,Baja
Diseño Gráfico,Junior,1800000.0,Alta
Diseño Gráfico,Semi-Senior,2486500.0,Baja
Diseño Gráfico,Senior,3086486.5,Baja
Analista Programador Universitario,Junior,1013000.0,Baja
Analista Programador Universitario,Semi-Senior,2191000.0,Alta
Analista Programador Universitario,Senior,4100000.0,Baja
Arquitectura,Junior,,Alta
Arquitectura,Semi-Senior,1869000.0,Alta
Arquitectura,Senior,,Alta
Ingeniería Mecánica,Junior,,Alta
Ingeniería Mecánica,Semi-Senior,,Alta
Ingeniería Mecánica,Senior,,Alta
Medicina,Junior,,Alta
Medicina,Semi-Senior,3000000.0,Alta
Medicina,Senior,,Alta
Contador/a Público/a,Junior,,Alta
Contador/a Público/a,Semi-Senior,,Alta
Contador/a Público/a,Senior,,Alta
Confidencial,Junior,,Alta
Confidencial,Semi-Senior,,Alta
Confidencial,Senior,,Alta
Sistemas de Información,Junior,,Alta
Sistemas de Información,Semi-Senior,,Alta
Sistemas de Información,Senior,2959586.5,Baja
Licenciatura en Tecnologías de la Información,Junior,,Alta
Licenciatura en Tecnologías de la Información,Semi-Senior,,Alta
Licenciatura en Tecnologías de la Información,Senior,4850000.0,Baja
Ingeniería Mecatrónica,Junior,,Alta
Ingeniería Mecatrónica,Semi-Senior,2710000.0,Baja
Ingeniería Mecatrónica,Senior,,Alta
Tecnicatura en Informática,Junior,,Alta
Tecnicatura en Informática,Semi-Senior,,Alta
Tecnicatura en Informática,Senior,3000000.0,Baja
Tecnicatura en Sistemas,Junior,,Alta
Tecnicatura en Sistemas,Semi-Senior,2100000.0,Baja
Tecnicatura en Sistemas,Senior,2167000.0,Baja
Licenciatura en Informática,Junior,,Alta
Licenciatura en Informática,Semi-Senior,1458000.0,Baja
Licenciatura en Informática,Senior,4000000.0,Baja
Tecnicatura Superior en Programación,Junior,1343750.0,Baja
Tecnicatura Superior en Programación,Semi-Senior,2534500.0,Baja
Tecnicatura Superior en Programación,Senior,3750000.0,Baja
Ingeniería Civil,Junior,,Alta
Ingeniería Civil,Semi-Senior,,Alta
Ingeniería Civil,Senior,,Alta
Profesorado General,Junior,,Alta
Profesorado General,Semi-Senior,,Alta
Profesorado General,Senior,,Alta
Tecnicatura Superior en Sistemas Informáticos,Junior,1600000.0,Baja
Tecnicatura Superior en Sistemas Informáticos,Semi-Senior,3500000.0,Baja
Tecnicatura Superior en Sistemas Informáticos,Senior,2200000.0,Baja
Licenciatura en Ciencias Físicas,Junior,2183684.0,Baja
Licenciatura en Ciencias Físicas,Semi-Senior,3700000.0,Baja
Licenciatura en Ciencias Físicas,Senior,,Alta
Certificaciones y Bootcamp,Junior,,Alta
Certificaciones y Bootcamp,Semi-Senior,,Alta
Certificaciones y Bootcamp,Senior,4650000.0,Alta
Tecnico,Junior,,Alta
Tecnico,Semi-Senior,,Alta
Tecnico,Senior,,Alta
Licenciatura en Marketing,Junior,,Alta
Licenciatura en Marketing,Semi-Senior,4100000.0,Baja
Licenciatura en Marketing,Senior,,Alta
Maestria en Data Mining,Junior,,Alta
Maestria en Data Mining,Semi-Senior,,Alta
Maestria en Data Mining,Senior,,Alta
Ingeniería Agronómica,Junior,,Alta
Ingeniería Agronómica,Semi-Senior,,Alta
Ingeniería Agronómica,Senior,,Alta
Tecnicatura Electrónica,Junior,,Alta
Tecnicatura Electrónica,Semi-Senior,,Alta
Tecnicatura Electrónica,Senior,3000000.0,Baja
Analista de Sistemas,Junior,1495000.0,Baja
Analista de Sistemas,Semi-Senior,2586000.0,Baja
Analista de Sistemas,Senior,3696535.0,Alta
Ingeniería en Computación,Junior,,Alta
Ingeniería en Computación,Semi-Senior,1900000.0,Baja
Ingeniería en Computación,Senior,3908000.0,Baja
Licenciatura en Psicología,Junior,,Alta
Licenciatura en Psicología,Semi-Senior,2142000.0,Alta
Licenciatura en Psicología,Senior,,Alta
Ingeniería Química,Junior,,Alta
Ingeniería Química,Semi-Senior,,Alta
Ingeniería Química,Senior,,Alta
Lic en estadistica,Junior,,Alta
Lic en estadistica,Semi-Senior,,Alta
Lic en estadistica,Senior,,Alta
Turismo ,Junior,,Alta
Turismo ,Semi-Senior,,Alta
Turismo ,Senior,,Alta
Maestría en Administración de Negocios,Junior,,Alta
Maestría en Administración de Negocios,Semi-Senior,,Alta
Maestría en Administración de Negocios,Senior,,Alta
Tec Sup en Redes Informaticas,Junior,,Alta
Tec Sup en Redes Informaticas,Semi-Senior,,Alta
Tec Sup en Redes Informaticas,Senior,,Alta
Técnique Secundario en Programación,Junior,,Alta
Técnique Secundario en Programación,Semi-Senior,,Alta
Técnique Secundario en Programación,Senior,1438747.0,Baja
Licenciatura en Ciencias Matemáticas,Junior,,Alta
Licenciatura en Ciencias Matemáticas,Semi-Senior,,Alta
Licenciatura en Ciencias Matemáticas,Senior,,Alta
Diseño Multimedial,Junior,,Alta
Diseño Multimedial,Semi-Senior,1996350.0,Baja
Diseño Multimedial,Senior,1898525.0,Alta
Ingeniería en Sistemas,Junior,1900000.0,Baja
Ingeniería en Sistemas,Semi-Senior,3200000.0,Alta
Ingeniería en Sistemas,Senior,4876000.0,Alta
Técnicatura en Electromecánica,Junior,,Alta
Técnicatura en Electromecánica,Semi-Senior,,Alta
Técnicatura en Electromecánica,Senior,,Alta
Licenciatura en Ciencias Químicas,Junior,,Alta
Licenciatura en Ciencias Químicas,Semi-Senior,,Alta
Licenciatura en Ciencias Químicas,Senior,,Alta
Licenciatura en Relaciones del Trabajo,Junior,,Alta
Licenciatura en Relaciones del Trabajo,Semi-Senior,,Alta
Licenciatura en Relaciones del Trabajo,Senior,,Alta
Licenciatura en Filosofía,Junior,,Alta
Licenciatura en Filosofía,Semi-Senior,,Alta
Licenciatura en Filosofía,Senior,,Alta
Licenciatura en Astronomía,Junior,,Alta
Licenciatura en Astronomía,Semi-Senior,,Alta
Licenciatura en Astronomía,Senior,,Alta
"Analista de gestion de tecnologia informatica es mi titulo preciso, con 38 materias de ingenieria en sistemas",Junior,,Alta
"Analista de gestion de tecnologia informatica es mi titulo preciso, con 38 materias de ingenieria en sistemas",Semi-Senior,,Alta
"Analista de gestion de tecnologia informatica es mi titulo preciso, con 38 materias de ingenieria en sistemas",Senior,,Alta
Licenciatura en Comercialización,Junior,,Alta
Licenciatura en Comercialización,Semi-Senior,,Alta
Licenciatura en Comercialización,Senior,3400000.0,Alta
Tecnico sup en adm de la produccion grafica,Junior,,Alta
Tecnico sup en adm de la produccion grafica,Semi-Senior,,Alta
Tecnico sup en adm de la produccion grafica,Senior,,Alta
Tecnicatura en Ciberseguridad,Junior,,Alta
Tecnicatura en Ciberseguridad,Semi-Senior,1900000.0,Alta
Tecnicatura en Ciberseguridad,Senior,,Alta
Licenciatura en Gestión de Tecnología,Junior,,Alta
Licenciatura en Gestión de Tecnología,Semi-Senior,,Alta
Licenciatura en Gestión de Tecnología,Senior,1693059.0,Baja
Bachiller contable,Junior,,Alta
Bachiller contable,Semi-Senior,,Alta
Bachiller contable,Senior,,Alta
Traductorado,Junior,,Alta
Traductorado,Semi-Senior,,Alta
Traductorado,Senior,2300000.0,Baja
Ingeniería en Software,Junior,,Alta
Ingeniería en Software,Semi-Senior,,Alta
Ingeniería en Software,Senior,6200000.0,Baja
Diseño de Imagen y Sonido,Junior,,Alta
Diseño de Imagen y Sonido,Semi-Senior,,Alta
Diseño de Imagen y Sonido,Senior,2071000.0,Baja
Master en Geociencias en el exterior,Junior,,Alta
Master en Geociencias en el exterior,Semi-Senior,,Alta
Master en Geociencias en el exterior,Senior,,Alta
Telecomunicaciones,Junior,,Alta
Telecomunicaciones,Semi-Senior,,Alta
Telecomunicaciones,Senior,4446000.0,Baja
Licenciatura en Seguridad,Junior,,Alta
Licenciatura en Seguridad,Semi-Senior,,Alta
Licenciatura en Seguridad,Senior,,Alta
Tecnoco superior en adm de la produccion grafica,Junior,,Alta
Tecnoco superior en adm de la produccion grafica,Semi-Senior,,Alta
Tecnoco superior en adm de la produccion grafica,Senior,,Alta
Ciencias Económicas,Junior,,Alta
Ciencias Económicas,Semi-Senior,,Alta
Ciencias Económicas,Senior,,Alta
Creativo publicitario,Junior,,Alta
Creativo publicitario,Semi-Senior,,Alta
Creativo publicitario,Senior,,Alta
Profesor de Ciencias Sagradas,Junior,,Alta
Profesor de Ciencias Sagradas,Semi-Senior,,Alta
Profesor de Ciencias Sagradas,Senior,,Alta
Tecnicatura en gastronomía ,Junior,,Alta
Tecnicatura en gastronomía ,Semi-Senior,,Alta
Tecnicatura en gastronomía ,Senior,,Alta
Tec. Sup. Innovación con tecnologías 4.0,Junior,,Alta
Tec. Sup. Innovación con tecnologías 4.0,Semi-Senior,,Alta
Tec. Sup. Innovación con tecnologías 4.0,Senior,,Alta
Recursos Humanos,Junior,,Alta
Recursos Humanos,Semi-Senior,,Alta
Recursos Humanos,Senior,3561000.0,Alta
Ingeniería Electrónica,Junior,,Alta
Ingeniería Electrónica,Semi-Senior,3200000.0,Baja
Ingeniería Electrónica,Senior,4116975.5,Alta
Ingeniería en Informática,Junior,2648000.0,Alta
Ingeniería en Informática,Semi-Senior,4403701.285,Alta
Ingeniería en Informática,Senior,4293000.0,Alta
Analista de Computación,Junior,,Alta
Analista de Computación,Semi-Senior,,Alta
Analista de Computación,Senior,5500000.0,Baja
Desarrollo Web,Junior,1691500.0,Alta
Desarrollo Web,Semi-Senior,,Alta
Desarrollo Web,Senior,,Alta
Licenciatura en Ciencias de la Computación,Junior,2750000.0,Baja
Licenciatura en Ciencias de la Computación,Semi-Senior,4500000.0,Alta
Licenciatura en Ciencias de la Computación,Senior,5350000.0,Alta
Ingeniería Industrial,Junior,,Alta
Ingeniería Industrial,Semi-Senior,2500000.0,Baja
Ingeniería Industrial,Senior,3600000.0,Baja
Licenciatura en Comunicación,Junior,,Alta
Licenciatura en Comunicación,Semi-Senior,1747670.62,Alta
Licenciatura en Comunicación,Senior,2521840.5,Baja
Licenciatura en Geología,Junior,,Alta
Licenciatura en Geología,Semi-Senior,,Alta
Licenciatura en Geología,Senior,,Alta
Publicidad,Junior,,Alta
Publicidad,Semi-Senior,,Alta
Publicidad,Senior,,Alta
Licenciatura en Ciencias Políticas,Junior,,Alta
Licenciatura en Ciencias Políticas,Semi-Senior,,Alta
Licenciatura en Ciencias Políticas,Senior,,Alta
Música,Junior,,Alta
Música,Semi-Senior,,Alta
Música,Senior,,Alta
Métodos Cuantitativos,Junior,,Alta
Métodos Cuantitativos,Semi-Senior,,Alta
Métodos Cuantitativos,Senior,,Alta
Analista en informática,Junior,,Alta
Analista en informática,Semi-Senior,,Alta
Analista en informática,Senior,,Alta
Tecnicatura en Computación,Junior,,Alta
Tecnicatura en Computación,Semi-Senior,,Alta
Tecnicatura en Computación,Senior,2475000.0,Baja
Licenciatura en Sistemas,Junior,3275000.0,Baja
Licenciatura en Sistemas,Semi-Senior,2824000.0,Baja
Licenciatura en Sistemas,Senior,3850000.0,Alta
Ingeniería en Sonido,Junior,,Alta
Ingeniería en Sonido,Semi-Senior,,Alta
Ingeniería en Sonido,Senior,,Alta
Tecnicatura Universitaria en Redes Informáticas,Junior,,Alta
Tecnicatura Universitaria en Redes Informáticas,Semi-Senior,,Alta
Tecnicatura Universitaria en Redes Informáticas,Senior,,Alta
Licenciatura en Relaciones Laborales,Junior,,Alta
Licenciatura en Relaciones Laborales,Semi-Senior,,Alta
Licenciatura en Relaciones Laborales,Senior,,Alta
Licenciatura en Ciencia de Datos,Junior,2643000.0,Baja
Licenciatura en Ciencia de Datos,Semi-Senior,,Alta
Licenciatura en Ciencia de Datos,Senior,2183466.0,Baja
Licenciatura en Administración de Empresas,Junior,1800000.0,Baja
Licenciatura en Administración de Empresas,Semi-Senior,1792989.5,Baja
Licenciatura en Administración de Empresas,Senior,3900000.0,Baja
Licenciatura en Economía,Junior,,Alta
Licenciatura en Economía,Semi-Senior,,Alta
Licenciatura en Economía,Senior,,Alta
Licenciatura en Negocios Digitales,Junior,,Alta
Licenciatura en Negocios Digitales,Semi-Senior,,Alta
Licenciatura en Negocios Digitales,Senior,,Alta
Maestria en Dirección Estratégica y Tecnológica,Junior,,Alta
Maestria en Dirección Estratégica y Tecnológica,Semi-Senior,,Alta
Maestria en Dirección Estratégica y Tecnológica,Senior,,Alta
Diseño Industrial,Junior,,Alta
Diseño Industrial,Semi-Senior,,Alta
Diseño Industrial,Senior,3308500.0,Baja
